category_order,category,category_name_ko,item_order,base_id,item_name_ko,grade_order,grade,grade_name_ko,relative_path
1,CER,도자기,1,BASE-CER-01,청화 약탕기,1,COMMON,일반,01_CER_도자기/01_BASE-CER-01_청화_약탕기/01_COMMON_일반/BASE-CER-01_COMMON.png
1,CER,도자기,1,BASE-CER-01,청화 약탕기,2,RARE,레어,01_CER_도자기/01_BASE-CER-01_청화_약탕기/02_RARE_레어/BASE-CER-01_RARE.png
1,CER,도자기,1,BASE-CER-01,청화 약탕기,3,EPIC,에픽,01_CER_도자기/01_BASE-CER-01_청화_약탕기/03_EPIC_에픽/BASE-CER-01_EPIC.png
1,CER,도자기,1,BASE-CER-01,청화 약탕기,4,LEGENDARY,전설,01_CER_도자기/01_BASE-CER-01_청화_약탕기/04_LEGENDARY_전설/BASE-CER-01_LEGENDARY.png
1,CER,도자기,2,BASE-CER-02,청록 뚜껑 소금단지,1,COMMON,일반,01_CER_도자기/02_BASE-CER-02_청록_뚜껑_소금단지/01_COMMON_일반/BASE-CER-02_COMMON.png
1,CER,도자기,2,BASE-CER-02,청록 뚜껑 소금단지,2,RARE,레어,01_CER_도자기/02_BASE-CER-02_청록_뚜껑_소금단지/02_RARE_레어/BASE-CER-02_RARE.png
1,CER,도자기,2,BASE-CER-02,청록 뚜껑 소금단지,3,EPIC,에픽,01_CER_도자기/02_BASE-CER-02_청록_뚜껑_소금단지/03_EPIC_에픽/BASE-CER-02_EPIC.png
1,CER,도자기,2,BASE-CER-02,청록 뚜껑 소금단지,4,LEGENDARY,전설,01_CER_도자기/02_BASE-CER-02_청록_뚜껑_소금단지/04_LEGENDARY_전설/BASE-CER-02_LEGENDARY.png
1,CER,도자기,3,BASE-CER-03,제비문 찻잔 한 쌍,1,COMMON,일반,01_CER_도자기/03_BASE-CER-03_제비문_찻잔_한_쌍/01_COMMON_일반/BASE-CER-03_COMMON.png
1,CER,도자기,3,BASE-CER-03,제비문 찻잔 한 쌍,2,RARE,레어,01_CER_도자기/03_BASE-CER-03_제비문_찻잔_한_쌍/02_RARE_레어/BASE-CER-03_RARE.png
1,CER,도자기,3,BASE-CER-03,제비문 찻잔 한 쌍,3,EPIC,에픽,01_CER_도자기/03_BASE-CER-03_제비문_찻잔_한_쌍/03_EPIC_에픽/BASE-CER-03_EPIC.png
1,CER,도자기,3,BASE-CER-03,제비문 찻잔 한 쌍,4,LEGENDARY,전설,01_CER_도자기/03_BASE-CER-03_제비문_찻잔_한_쌍/04_LEGENDARY_전설/BASE-CER-03_LEGENDARY.png
1,CER,도자기,4,BASE-CER-04,쌍어문 청록 화병,1,COMMON,일반,01_CER_도자기/04_BASE-CER-04_쌍어문_청록_화병/01_COMMON_일반/BASE-CER-04_COMMON.png
1,CER,도자기,4,BASE-CER-04,쌍어문 청록 화병,2,RARE,레어,01_CER_도자기/04_BASE-CER-04_쌍어문_청록_화병/02_RARE_레어/BASE-CER-04_RARE.png
1,CER,도자기,4,BASE-CER-04,쌍어문 청록 화병,3,EPIC,에픽,01_CER_도자기/04_BASE-CER-04_쌍어문_청록_화병/03_EPIC_에픽/BASE-CER-04_EPIC.png
1,CER,도자기,4,BASE-CER-04,쌍어문 청록 화병,4,LEGENDARY,전설,01_CER_도자기/04_BASE-CER-04_쌍어문_청록_화병/04_LEGENDARY_전설/BASE-CER-04_LEGENDARY.png
1,CER,도자기,5,BASE-CER-05,황동뚜껑 육각 항아리,1,COMMON,일반,01_CER_도자기/05_BASE-CER-05_황동뚜껑_육각_항아리/01_COMMON_일반/BASE-CER-05_COMMON.png
1,CER,도자기,5,BASE-CER-05,황동뚜껑 육각 항아리,2,RARE,레어,01_CER_도자기/05_BASE-CER-05_황동뚜껑_육각_항아리/02_RARE_레어/BASE-CER-05_RARE.png
1,CER,도자기,5,BASE-CER-05,황동뚜껑 육각 항아리,3,EPIC,에픽,01_CER_도자기/05_BASE-CER-05_황동뚜껑_육각_항아리/03_EPIC_에픽/BASE-CER-05_EPIC.png
1,CER,도자기,5,BASE-CER-05,황동뚜껑 육각 항아리,4,LEGENDARY,전설,01_CER_도자기/05_BASE-CER-05_황동뚜껑_육각_항아리/04_LEGENDARY_전설/BASE-CER-05_LEGENDARY.png
1,CER,도자기,6,BASE-CER-06,과실문 주전자,1,COMMON,일반,01_CER_도자기/06_BASE-CER-06_과실문_주전자/01_COMMON_일반/BASE-CER-06_COMMON.png
1,CER,도자기,6,BASE-CER-06,과실문 주전자,2,RARE,레어,01_CER_도자기/06_BASE-CER-06_과실문_주전자/02_RARE_레어/BASE-CER-06_RARE.png
1,CER,도자기,6,BASE-CER-06,과실문 주전자,3,EPIC,에픽,01_CER_도자기/06_BASE-CER-06_과실문_주전자/03_EPIC_에픽/BASE-CER-06_EPIC.png
1,CER,도자기,6,BASE-CER-06,과실문 주전자,4,LEGENDARY,전설,01_CER_도자기/06_BASE-CER-06_과실문_주전자/04_LEGENDARY_전설/BASE-CER-06_LEGENDARY.png
1,CER,도자기,7,BASE-CER-07,진수 기념 대접,1,COMMON,일반,01_CER_도자기/07_BASE-CER-07_진수_기념_대접/01_COMMON_일반/BASE-CER-07_COMMON.png
1,CER,도자기,7,BASE-CER-07,진수 기념 대접,2,RARE,레어,01_CER_도자기/07_BASE-CER-07_진수_기념_대접/02_RARE_레어/BASE-CER-07_RARE.png
1,CER,도자기,7,BASE-CER-07,진수 기념 대접,3,EPIC,에픽,01_CER_도자기/07_BASE-CER-07_진수_기념_대접/03_EPIC_에픽/BASE-CER-07_EPIC.png
1,CER,도자기,7,BASE-CER-07,진수 기념 대접,4,LEGENDARY,전설,01_CER_도자기/07_BASE-CER-07_진수_기념_대접/04_LEGENDARY_전설/BASE-CER-07_LEGENDARY.png
1,CER,도자기,8,BASE-CER-08,항해도 월백유 매병,1,COMMON,일반,01_CER_도자기/08_BASE-CER-08_항해도_월백유_매병/01_COMMON_일반/BASE-CER-08_COMMON.png
1,CER,도자기,8,BASE-CER-08,항해도 월백유 매병,2,RARE,레어,01_CER_도자기/08_BASE-CER-08_항해도_월백유_매병/02_RARE_레어/BASE-CER-08_RARE.png
1,CER,도자기,8,BASE-CER-08,항해도 월백유 매병,3,EPIC,에픽,01_CER_도자기/08_BASE-CER-08_항해도_월백유_매병/03_EPIC_에픽/BASE-CER-08_EPIC.png
1,CER,도자기,8,BASE-CER-08,항해도 월백유 매병,4,LEGENDARY,전설,01_CER_도자기/08_BASE-CER-08_항해도_월백유_매병/04_LEGENDARY_전설/BASE-CER-08_LEGENDARY.png
1,CER,도자기,9,BASE-CER-09,삼색 사자손잡이 용기,1,COMMON,일반,01_CER_도자기/09_BASE-CER-09_삼색_사자손잡이_용기/01_COMMON_일반/BASE-CER-09_COMMON.png
1,CER,도자기,9,BASE-CER-09,삼색 사자손잡이 용기,2,RARE,레어,01_CER_도자기/09_BASE-CER-09_삼색_사자손잡이_용기/02_RARE_레어/BASE-CER-09_RARE.png
1,CER,도자기,9,BASE-CER-09,삼색 사자손잡이 용기,3,EPIC,에픽,01_CER_도자기/09_BASE-CER-09_삼색_사자손잡이_용기/03_EPIC_에픽/BASE-CER-09_EPIC.png
1,CER,도자기,9,BASE-CER-09,삼색 사자손잡이 용기,4,LEGENDARY,전설,01_CER_도자기/09_BASE-CER-09_삼색_사자손잡이_용기/04_LEGENDARY_전설/BASE-CER-09_LEGENDARY.png
1,CER,도자기,10,BASE-CER-10,푸른 동백 대형병,1,COMMON,일반,01_CER_도자기/10_BASE-CER-10_푸른_동백_대형병/01_COMMON_일반/BASE-CER-10_COMMON.png
1,CER,도자기,10,BASE-CER-10,푸른 동백 대형병,2,RARE,레어,01_CER_도자기/10_BASE-CER-10_푸른_동백_대형병/02_RARE_레어/BASE-CER-10_RARE.png
1,CER,도자기,10,BASE-CER-10,푸른 동백 대형병,3,EPIC,에픽,01_CER_도자기/10_BASE-CER-10_푸른_동백_대형병/03_EPIC_에픽/BASE-CER-10_EPIC.png
1,CER,도자기,10,BASE-CER-10,푸른 동백 대형병,4,LEGENDARY,전설,01_CER_도자기/10_BASE-CER-10_푸른_동백_대형병/04_LEGENDARY_전설/BASE-CER-10_LEGENDARY.png
2,CLK,시계,1,BASE-CLK-01,접이식 탁상시계,1,COMMON,일반,02_CLK_시계/01_BASE-CLK-01_접이식_탁상시계/01_COMMON_일반/BASE-CLK-01_COMMON.png
2,CLK,시계,1,BASE-CLK-01,접이식 탁상시계,2,RARE,레어,02_CLK_시계/01_BASE-CLK-01_접이식_탁상시계/02_RARE_레어/BASE-CLK-01_RARE.png
2,CLK,시계,1,BASE-CLK-01,접이식 탁상시계,3,EPIC,에픽,02_CLK_시계/01_BASE-CLK-01_접이식_탁상시계/03_EPIC_에픽/BASE-CLK-01_EPIC.png
2,CLK,시계,1,BASE-CLK-01,접이식 탁상시계,4,LEGENDARY,전설,02_CLK_시계/01_BASE-CLK-01_접이식_탁상시계/04_LEGENDARY_전설/BASE-CLK-01_LEGENDARY.png
2,CLK,시계,2,BASE-CLK-02,구리 종 벽시계,1,COMMON,일반,02_CLK_시계/02_BASE-CLK-02_구리_종_벽시계/01_COMMON_일반/BASE-CLK-02_COMMON.png
2,CLK,시계,2,BASE-CLK-02,구리 종 벽시계,2,RARE,레어,02_CLK_시계/02_BASE-CLK-02_구리_종_벽시계/02_RARE_레어/BASE-CLK-02_RARE.png
2,CLK,시계,2,BASE-CLK-02,구리 종 벽시계,3,EPIC,에픽,02_CLK_시계/02_BASE-CLK-02_구리_종_벽시계/03_EPIC_에픽/BASE-CLK-02_EPIC.png
2,CLK,시계,2,BASE-CLK-02,구리 종 벽시계,4,LEGENDARY,전설,02_CLK_시계/02_BASE-CLK-02_구리_종_벽시계/04_LEGENDARY_전설/BASE-CLK-02_LEGENDARY.png
2,CLK,시계,3,BASE-CLK-03,선실용 모래시계,1,COMMON,일반,02_CLK_시계/03_BASE-CLK-03_선실용_모래시계/01_COMMON_일반/BASE-CLK-03_COMMON.png
2,CLK,시계,3,BASE-CLK-03,선실용 모래시계,2,RARE,레어,02_CLK_시계/03_BASE-CLK-03_선실용_모래시계/02_RARE_레어/BASE-CLK-03_RARE.png
2,CLK,시계,3,BASE-CLK-03,선실용 모래시계,3,EPIC,에픽,02_CLK_시계/03_BASE-CLK-03_선실용_모래시계/03_EPIC_에픽/BASE-CLK-03_EPIC.png
2,CLK,시계,3,BASE-CLK-03,선실용 모래시계,4,LEGENDARY,전설,02_CLK_시계/03_BASE-CLK-03_선실용_모래시계/04_LEGENDARY_전설/BASE-CLK-03_LEGENDARY.png
2,CLK,시계,4,BASE-CLK-04,월상표시 회중시계,1,COMMON,일반,02_CLK_시계/04_BASE-CLK-04_월상표시_회중시계/01_COMMON_일반/BASE-CLK-04_COMMON.png
2,CLK,시계,4,BASE-CLK-04,월상표시 회중시계,2,RARE,레어,02_CLK_시계/04_BASE-CLK-04_월상표시_회중시계/02_RARE_레어/BASE-CLK-04_RARE.png
2,CLK,시계,4,BASE-CLK-04,월상표시 회중시계,3,EPIC,에픽,02_CLK_시계/04_BASE-CLK-04_월상표시_회중시계/03_EPIC_에픽/BASE-CLK-04_EPIC.png
2,CLK,시계,4,BASE-CLK-04,월상표시 회중시계,4,LEGENDARY,전설,02_CLK_시계/04_BASE-CLK-04_월상표시_회중시계/04_LEGENDARY_전설/BASE-CLK-04_LEGENDARY.png
2,CLK,시계,5,BASE-CLK-05,갑판 크로노미터,1,COMMON,일반,02_CLK_시계/05_BASE-CLK-05_갑판_크로노미터/01_COMMON_일반/BASE-CLK-05_COMMON.png
2,CLK,시계,5,BASE-CLK-05,갑판 크로노미터,2,RARE,레어,02_CLK_시계/05_BASE-CLK-05_갑판_크로노미터/02_RARE_레어/BASE-CLK-05_RARE.png
2,CLK,시계,5,BASE-CLK-05,갑판 크로노미터,3,EPIC,에픽,02_CLK_시계/05_BASE-CLK-05_갑판_크로노미터/03_EPIC_에픽/BASE-CLK-05_EPIC.png
2,CLK,시계,5,BASE-CLK-05,갑판 크로노미터,4,LEGENDARY,전설,02_CLK_시계/05_BASE-CLK-05_갑판_크로노미터/04_LEGENDARY_전설/BASE-CLK-05_LEGENDARY.png
2,CLK,시계,6,BASE-CLK-06,가면문 알림시계,1,COMMON,일반,02_CLK_시계/06_BASE-CLK-06_가면문_알림시계/01_COMMON_일반/BASE-CLK-06_COMMON.png
2,CLK,시계,6,BASE-CLK-06,가면문 알림시계,2,RARE,레어,02_CLK_시계/06_BASE-CLK-06_가면문_알림시계/02_RARE_레어/BASE-CLK-06_RARE.png
2,CLK,시계,6,BASE-CLK-06,가면문 알림시계,3,EPIC,에픽,02_CLK_시계/06_BASE-CLK-06_가면문_알림시계/03_EPIC_에픽/BASE-CLK-06_EPIC.png
2,CLK,시계,6,BASE-CLK-06,가면문 알림시계,4,LEGENDARY,전설,02_CLK_시계/06_BASE-CLK-06_가면문_알림시계/04_LEGENDARY_전설/BASE-CLK-06_LEGENDARY.png
2,CLK,시계,7,BASE-CLK-07,자동인형 시계,1,COMMON,일반,02_CLK_시계/07_BASE-CLK-07_자동인형_시계/01_COMMON_일반/BASE-CLK-07_COMMON.png
2,CLK,시계,7,BASE-CLK-07,자동인형 시계,2,RARE,레어,02_CLK_시계/07_BASE-CLK-07_자동인형_시계/02_RARE_레어/BASE-CLK-07_RARE.png
2,CLK,시계,7,BASE-CLK-07,자동인형 시계,3,EPIC,에픽,02_CLK_시계/07_BASE-CLK-07_자동인형_시계/03_EPIC_에픽/BASE-CLK-07_EPIC.png
2,CLK,시계,7,BASE-CLK-07,자동인형 시계,4,LEGENDARY,전설,02_CLK_시계/07_BASE-CLK-07_자동인형_시계/04_LEGENDARY_전설/BASE-CLK-07_LEGENDARY.png
2,CLK,시계,8,BASE-CLK-08,유리돔 골격시계,1,COMMON,일반,02_CLK_시계/08_BASE-CLK-08_유리돔_골격시계/01_COMMON_일반/BASE-CLK-08_COMMON.png
2,CLK,시계,8,BASE-CLK-08,유리돔 골격시계,2,RARE,레어,02_CLK_시계/08_BASE-CLK-08_유리돔_골격시계/02_RARE_레어/BASE-CLK-08_RARE.png
2,CLK,시계,8,BASE-CLK-08,유리돔 골격시계,3,EPIC,에픽,02_CLK_시계/08_BASE-CLK-08_유리돔_골격시계/03_EPIC_에픽/BASE-CLK-08_EPIC.png
2,CLK,시계,8,BASE-CLK-08,유리돔 골격시계,4,LEGENDARY,전설,02_CLK_시계/08_BASE-CLK-08_유리돔_골격시계/04_LEGENDARY_전설/BASE-CLK-08_LEGENDARY.png
2,CLK,시계,9,BASE-CLK-09,다층 천문시계,1,COMMON,일반,02_CLK_시계/09_BASE-CLK-09_다층_천문시계/01_COMMON_일반/BASE-CLK-09_COMMON.png
2,CLK,시계,9,BASE-CLK-09,다층 천문시계,2,RARE,레어,02_CLK_시계/09_BASE-CLK-09_다층_천문시계/02_RARE_레어/BASE-CLK-09_RARE.png
2,CLK,시계,9,BASE-CLK-09,다층 천문시계,3,EPIC,에픽,02_CLK_시계/09_BASE-CLK-09_다층_천문시계/03_EPIC_에픽/BASE-CLK-09_EPIC.png
2,CLK,시계,9,BASE-CLK-09,다층 천문시계,4,LEGENDARY,전설,02_CLK_시계/09_BASE-CLK-09_다층_천문시계/04_LEGENDARY_전설/BASE-CLK-09_LEGENDARY.png
2,CLK,시계,10,BASE-CLK-10,직사각 점프아워 시계,1,COMMON,일반,02_CLK_시계/10_BASE-CLK-10_직사각_점프아워_시계/01_COMMON_일반/BASE-CLK-10_COMMON.png
2,CLK,시계,10,BASE-CLK-10,직사각 점프아워 시계,2,RARE,레어,02_CLK_시계/10_BASE-CLK-10_직사각_점프아워_시계/02_RARE_레어/BASE-CLK-10_RARE.png
2,CLK,시계,10,BASE-CLK-10,직사각 점프아워 시계,3,EPIC,에픽,02_CLK_시계/10_BASE-CLK-10_직사각_점프아워_시계/03_EPIC_에픽/BASE-CLK-10_EPIC.png
2,CLK,시계,10,BASE-CLK-10,직사각 점프아워 시계,4,LEGENDARY,전설,02_CLK_시계/10_BASE-CLK-10_직사각_점프아워_시계/04_LEGENDARY_전설/BASE-CLK-10_LEGENDARY.png
3,PNT,회화,1,BASE-PNT-01,창가의 재봉사,1,COMMON,일반,03_PNT_회화/01_BASE-PNT-01_창가의_재봉사/01_COMMON_일반/BASE-PNT-01_COMMON.png
3,PNT,회화,1,BASE-PNT-01,창가의 재봉사,2,RARE,레어,03_PNT_회화/01_BASE-PNT-01_창가의_재봉사/02_RARE_레어/BASE-PNT-01_RARE.png
3,PNT,회화,1,BASE-PNT-01,창가의 재봉사,3,EPIC,에픽,03_PNT_회화/01_BASE-PNT-01_창가의_재봉사/03_EPIC_에픽/BASE-PNT-01_EPIC.png
3,PNT,회화,1,BASE-PNT-01,창가의 재봉사,4,LEGENDARY,전설,03_PNT_회화/01_BASE-PNT-01_창가의_재봉사/04_LEGENDARY_전설/BASE-PNT-01_LEGENDARY.png
3,PNT,회화,2,BASE-PNT-02,여름 선창의 범선,1,COMMON,일반,03_PNT_회화/02_BASE-PNT-02_여름_선창의_범선/01_COMMON_일반/BASE-PNT-02_COMMON.png
3,PNT,회화,2,BASE-PNT-02,여름 선창의 범선,2,RARE,레어,03_PNT_회화/02_BASE-PNT-02_여름_선창의_범선/02_RARE_레어/BASE-PNT-02_RARE.png
3,PNT,회화,2,BASE-PNT-02,여름 선창의 범선,3,EPIC,에픽,03_PNT_회화/02_BASE-PNT-02_여름_선창의_범선/03_EPIC_에픽/BASE-PNT-02_EPIC.png
3,PNT,회화,2,BASE-PNT-02,여름 선창의 범선,4,LEGENDARY,전설,03_PNT_회화/02_BASE-PNT-02_여름_선창의_범선/04_LEGENDARY_전설/BASE-PNT-02_LEGENDARY.png
3,PNT,회화,3,BASE-PNT-03,붉은 장갑의 배우,1,COMMON,일반,03_PNT_회화/03_BASE-PNT-03_붉은_장갑의_배우/01_COMMON_일반/BASE-PNT-03_COMMON.png
3,PNT,회화,3,BASE-PNT-03,붉은 장갑의 배우,2,RARE,레어,03_PNT_회화/03_BASE-PNT-03_붉은_장갑의_배우/02_RARE_레어/BASE-PNT-03_RARE.png
3,PNT,회화,3,BASE-PNT-03,붉은 장갑의 배우,3,EPIC,에픽,03_PNT_회화/03_BASE-PNT-03_붉은_장갑의_배우/03_EPIC_에픽/BASE-PNT-03_EPIC.png
3,PNT,회화,3,BASE-PNT-03,붉은 장갑의 배우,4,LEGENDARY,전설,03_PNT_회화/03_BASE-PNT-03_붉은_장갑의_배우/04_LEGENDARY_전설/BASE-PNT-03_LEGENDARY.png
3,PNT,회화,4,BASE-PNT-04,폐쇄된 온실,1,COMMON,일반,03_PNT_회화/04_BASE-PNT-04_폐쇄된_온실/01_COMMON_일반/BASE-PNT-04_COMMON.png
3,PNT,회화,4,BASE-PNT-04,폐쇄된 온실,2,RARE,레어,03_PNT_회화/04_BASE-PNT-04_폐쇄된_온실/02_RARE_레어/BASE-PNT-04_RARE.png
3,PNT,회화,4,BASE-PNT-04,폐쇄된 온실,3,EPIC,에픽,03_PNT_회화/04_BASE-PNT-04_폐쇄된_온실/03_EPIC_에픽/BASE-PNT-04_EPIC.png
3,PNT,회화,4,BASE-PNT-04,폐쇄된 온실,4,LEGENDARY,전설,03_PNT_회화/04_BASE-PNT-04_폐쇄된_온실/04_LEGENDARY_전설/BASE-PNT-04_LEGENDARY.png
3,PNT,회화,5,BASE-PNT-05,개항 파노라마,1,COMMON,일반,03_PNT_회화/05_BASE-PNT-05_개항_파노라마/01_COMMON_일반/BASE-PNT-05_COMMON.png
3,PNT,회화,5,BASE-PNT-05,개항 파노라마,2,RARE,레어,03_PNT_회화/05_BASE-PNT-05_개항_파노라마/02_RARE_레어/BASE-PNT-05_RARE.png
3,PNT,회화,5,BASE-PNT-05,개항 파노라마,3,EPIC,에픽,03_PNT_회화/05_BASE-PNT-05_개항_파노라마/03_EPIC_에픽/BASE-PNT-05_EPIC.png
3,PNT,회화,5,BASE-PNT-05,개항 파노라마,4,LEGENDARY,전설,03_PNT_회화/05_BASE-PNT-05_개항_파노라마/04_LEGENDARY_전설/BASE-PNT-05_LEGENDARY.png
3,PNT,회화,6,BASE-PNT-06,푸른 부두,1,COMMON,일반,03_PNT_회화/06_BASE-PNT-06_푸른_부두/01_COMMON_일반/BASE-PNT-06_COMMON.png
3,PNT,회화,6,BASE-PNT-06,푸른 부두,2,RARE,레어,03_PNT_회화/06_BASE-PNT-06_푸른_부두/02_RARE_레어/BASE-PNT-06_RARE.png
3,PNT,회화,6,BASE-PNT-06,푸른 부두,3,EPIC,에픽,03_PNT_회화/06_BASE-PNT-06_푸른_부두/03_EPIC_에픽/BASE-PNT-06_EPIC.png
3,PNT,회화,6,BASE-PNT-06,푸른 부두,4,LEGENDARY,전설,03_PNT_회화/06_BASE-PNT-06_푸른_부두/04_LEGENDARY_전설/BASE-PNT-06_LEGENDARY.png
3,PNT,회화,7,BASE-PNT-07,등대 창가의 가족,1,COMMON,일반,03_PNT_회화/07_BASE-PNT-07_등대_창가의_가족/01_COMMON_일반/BASE-PNT-07_COMMON.png
3,PNT,회화,7,BASE-PNT-07,등대 창가의 가족,2,RARE,레어,03_PNT_회화/07_BASE-PNT-07_등대_창가의_가족/02_RARE_레어/BASE-PNT-07_RARE.png
3,PNT,회화,7,BASE-PNT-07,등대 창가의 가족,3,EPIC,에픽,03_PNT_회화/07_BASE-PNT-07_등대_창가의_가족/03_EPIC_에픽/BASE-PNT-07_EPIC.png
3,PNT,회화,7,BASE-PNT-07,등대 창가의 가족,4,LEGENDARY,전설,03_PNT_회화/07_BASE-PNT-07_등대_창가의_가족/04_LEGENDARY_전설/BASE-PNT-07_LEGENDARY.png
3,PNT,회화,8,BASE-PNT-08,북문 거리 행렬,1,COMMON,일반,03_PNT_회화/08_BASE-PNT-08_북문_거리_행렬/01_COMMON_일반/BASE-PNT-08_COMMON.png
3,PNT,회화,8,BASE-PNT-08,북문 거리 행렬,2,RARE,레어,03_PNT_회화/08_BASE-PNT-08_북문_거리_행렬/02_RARE_레어/BASE-PNT-08_RARE.png
3,PNT,회화,8,BASE-PNT-08,북문 거리 행렬,3,EPIC,에픽,03_PNT_회화/08_BASE-PNT-08_북문_거리_행렬/03_EPIC_에픽/BASE-PNT-08_EPIC.png
3,PNT,회화,8,BASE-PNT-08,북문 거리 행렬,4,LEGENDARY,전설,03_PNT_회화/08_BASE-PNT-08_북문_거리_행렬/04_LEGENDARY_전설/BASE-PNT-08_LEGENDARY.png
3,PNT,회화,9,BASE-PNT-09,푸른 예배당 예행연습,1,COMMON,일반,03_PNT_회화/09_BASE-PNT-09_푸른_예배당_예행연습/01_COMMON_일반/BASE-PNT-09_COMMON.png
3,PNT,회화,9,BASE-PNT-09,푸른 예배당 예행연습,2,RARE,레어,03_PNT_회화/09_BASE-PNT-09_푸른_예배당_예행연습/02_RARE_레어/BASE-PNT-09_RARE.png
3,PNT,회화,9,BASE-PNT-09,푸른 예배당 예행연습,3,EPIC,에픽,03_PNT_회화/09_BASE-PNT-09_푸른_예배당_예행연습/03_EPIC_에픽/BASE-PNT-09_EPIC.png
3,PNT,회화,9,BASE-PNT-09,푸른 예배당 예행연습,4,LEGENDARY,전설,03_PNT_회화/09_BASE-PNT-09_푸른_예배당_예행연습/04_LEGENDARY_전설/BASE-PNT-09_LEGENDARY.png
3,PNT,회화,10,BASE-PNT-10,여왕의 항해 초상,1,COMMON,일반,03_PNT_회화/10_BASE-PNT-10_여왕의_항해_초상/01_COMMON_일반/BASE-PNT-10_COMMON.png
3,PNT,회화,10,BASE-PNT-10,여왕의 항해 초상,2,RARE,레어,03_PNT_회화/10_BASE-PNT-10_여왕의_항해_초상/02_RARE_레어/BASE-PNT-10_RARE.png
3,PNT,회화,10,BASE-PNT-10,여왕의 항해 초상,3,EPIC,에픽,03_PNT_회화/10_BASE-PNT-10_여왕의_항해_초상/03_EPIC_에픽/BASE-PNT-10_EPIC.png
3,PNT,회화,10,BASE-PNT-10,여왕의 항해 초상,4,LEGENDARY,전설,03_PNT_회화/10_BASE-PNT-10_여왕의_항해_초상/04_LEGENDARY_전설/BASE-PNT-10_LEGENDARY.png
4,BOK,고서,1,BASE-BOK-01,부두 노동자 노래책,1,COMMON,일반,04_BOK_고서/01_BASE-BOK-01_부두_노동자_노래책/01_COMMON_일반/BASE-BOK-01_COMMON.png
4,BOK,고서,1,BASE-BOK-01,부두 노동자 노래책,2,RARE,레어,04_BOK_고서/01_BASE-BOK-01_부두_노동자_노래책/02_RARE_레어/BASE-BOK-01_RARE.png
4,BOK,고서,1,BASE-BOK-01,부두 노동자 노래책,3,EPIC,에픽,04_BOK_고서/01_BASE-BOK-01_부두_노동자_노래책/03_EPIC_에픽/BASE-BOK-01_EPIC.png
4,BOK,고서,1,BASE-BOK-01,부두 노동자 노래책,4,LEGENDARY,전설,04_BOK_고서/01_BASE-BOK-01_부두_노동자_노래책/04_LEGENDARY_전설/BASE-BOK-01_LEGENDARY.png
4,BOK,고서,2,BASE-BOK-02,제본공 견본첩,1,COMMON,일반,04_BOK_고서/02_BASE-BOK-02_제본공_견본첩/01_COMMON_일반/BASE-BOK-02_COMMON.png
4,BOK,고서,2,BASE-BOK-02,제본공 견본첩,2,RARE,레어,04_BOK_고서/02_BASE-BOK-02_제본공_견본첩/02_RARE_레어/BASE-BOK-02_RARE.png
4,BOK,고서,2,BASE-BOK-02,제본공 견본첩,3,EPIC,에픽,04_BOK_고서/02_BASE-BOK-02_제본공_견본첩/03_EPIC_에픽/BASE-BOK-02_EPIC.png
4,BOK,고서,2,BASE-BOK-02,제본공 견본첩,4,LEGENDARY,전설,04_BOK_고서/02_BASE-BOK-02_제본공_견본첩/04_LEGENDARY_전설/BASE-BOK-02_LEGENDARY.png
4,BOK,고서,3,BASE-BOK-03,붉은 무대막 희곡집,1,COMMON,일반,04_BOK_고서/03_BASE-BOK-03_붉은_무대막_희곡집/01_COMMON_일반/BASE-BOK-03_COMMON.png
4,BOK,고서,3,BASE-BOK-03,붉은 무대막 희곡집,2,RARE,레어,04_BOK_고서/03_BASE-BOK-03_붉은_무대막_희곡집/02_RARE_레어/BASE-BOK-03_RARE.png
4,BOK,고서,3,BASE-BOK-03,붉은 무대막 희곡집,3,EPIC,에픽,04_BOK_고서/03_BASE-BOK-03_붉은_무대막_희곡집/03_EPIC_에픽/BASE-BOK-03_EPIC.png
4,BOK,고서,3,BASE-BOK-03,붉은 무대막 희곡집,4,LEGENDARY,전설,04_BOK_고서/03_BASE-BOK-03_붉은_무대막_희곡집/04_LEGENDARY_전설/BASE-BOK-03_LEGENDARY.png
4,BOK,고서,4,BASE-BOK-04,식물 채색 도감,1,COMMON,일반,04_BOK_고서/04_BASE-BOK-04_식물_채색_도감/01_COMMON_일반/BASE-BOK-04_COMMON.png
4,BOK,고서,4,BASE-BOK-04,식물 채색 도감,2,RARE,레어,04_BOK_고서/04_BASE-BOK-04_식물_채색_도감/02_RARE_레어/BASE-BOK-04_RARE.png
4,BOK,고서,4,BASE-BOK-04,식물 채색 도감,3,EPIC,에픽,04_BOK_고서/04_BASE-BOK-04_식물_채색_도감/03_EPIC_에픽/BASE-BOK-04_EPIC.png
4,BOK,고서,4,BASE-BOK-04,식물 채색 도감,4,LEGENDARY,전설,04_BOK_고서/04_BASE-BOK-04_식물_채색_도감/04_LEGENDARY_전설/BASE-BOK-04_LEGENDARY.png
4,BOK,고서,5,BASE-BOK-05,대륙 우편 지도첩,1,COMMON,일반,04_BOK_고서/05_BASE-BOK-05_대륙_우편_지도첩/01_COMMON_일반/BASE-BOK-05_COMMON.png
4,BOK,고서,5,BASE-BOK-05,대륙 우편 지도첩,2,RARE,레어,04_BOK_고서/05_BASE-BOK-05_대륙_우편_지도첩/02_RARE_레어/BASE-BOK-05_RARE.png
4,BOK,고서,5,BASE-BOK-05,대륙 우편 지도첩,3,EPIC,에픽,04_BOK_고서/05_BASE-BOK-05_대륙_우편_지도첩/03_EPIC_에픽/BASE-BOK-05_EPIC.png
4,BOK,고서,5,BASE-BOK-05,대륙 우편 지도첩,4,LEGENDARY,전설,04_BOK_고서/05_BASE-BOK-05_대륙_우편_지도첩/04_LEGENDARY_전설/BASE-BOK-05_LEGENDARY.png
4,BOK,고서,6,BASE-BOK-06,건국항로 해도집,1,COMMON,일반,04_BOK_고서/06_BASE-BOK-06_건국항로_해도집/01_COMMON_일반/BASE-BOK-06_COMMON.png
4,BOK,고서,6,BASE-BOK-06,건국항로 해도집,2,RARE,레어,04_BOK_고서/06_BASE-BOK-06_건국항로_해도집/02_RARE_레어/BASE-BOK-06_RARE.png
4,BOK,고서,6,BASE-BOK-06,건국항로 해도집,3,EPIC,에픽,04_BOK_고서/06_BASE-BOK-06_건국항로_해도집/03_EPIC_에픽/BASE-BOK-06_EPIC.png
4,BOK,고서,6,BASE-BOK-06,건국항로 해도집,4,LEGENDARY,전설,04_BOK_고서/06_BASE-BOK-06_건국항로_해도집/04_LEGENDARY_전설/BASE-BOK-06_LEGENDARY.png
4,BOK,고서,7,BASE-BOK-07,달과 파도 조수력,1,COMMON,일반,04_BOK_고서/07_BASE-BOK-07_달과_파도_조수력/01_COMMON_일반/BASE-BOK-07_COMMON.png
4,BOK,고서,7,BASE-BOK-07,달과 파도 조수력,2,RARE,레어,04_BOK_고서/07_BASE-BOK-07_달과_파도_조수력/02_RARE_레어/BASE-BOK-07_RARE.png
4,BOK,고서,7,BASE-BOK-07,달과 파도 조수력,3,EPIC,에픽,04_BOK_고서/07_BASE-BOK-07_달과_파도_조수력/03_EPIC_에픽/BASE-BOK-07_EPIC.png
4,BOK,고서,7,BASE-BOK-07,달과 파도 조수력,4,LEGENDARY,전설,04_BOK_고서/07_BASE-BOK-07_달과_파도_조수력/04_LEGENDARY_전설/BASE-BOK-07_LEGENDARY.png
4,BOK,고서,8,BASE-BOK-08,약초 처방집,1,COMMON,일반,04_BOK_고서/08_BASE-BOK-08_약초_처방집/01_COMMON_일반/BASE-BOK-08_COMMON.png
4,BOK,고서,8,BASE-BOK-08,약초 처방집,2,RARE,레어,04_BOK_고서/08_BASE-BOK-08_약초_처방집/02_RARE_레어/BASE-BOK-08_RARE.png
4,BOK,고서,8,BASE-BOK-08,약초 처방집,3,EPIC,에픽,04_BOK_고서/08_BASE-BOK-08_약초_처방집/03_EPIC_에픽/BASE-BOK-08_EPIC.png
4,BOK,고서,8,BASE-BOK-08,약초 처방집,4,LEGENDARY,전설,04_BOK_고서/08_BASE-BOK-08_약초_처방집/04_LEGENDARY_전설/BASE-BOK-08_LEGENDARY.png
4,BOK,고서,9,BASE-BOK-09,끈잠금 통역 수첩,1,COMMON,일반,04_BOK_고서/09_BASE-BOK-09_끈잠금_통역_수첩/01_COMMON_일반/BASE-BOK-09_COMMON.png
4,BOK,고서,9,BASE-BOK-09,끈잠금 통역 수첩,2,RARE,레어,04_BOK_고서/09_BASE-BOK-09_끈잠금_통역_수첩/02_RARE_레어/BASE-BOK-09_RARE.png
4,BOK,고서,9,BASE-BOK-09,끈잠금 통역 수첩,3,EPIC,에픽,04_BOK_고서/09_BASE-BOK-09_끈잠금_통역_수첩/03_EPIC_에픽/BASE-BOK-09_EPIC.png
4,BOK,고서,9,BASE-BOK-09,끈잠금 통역 수첩,4,LEGENDARY,전설,04_BOK_고서/09_BASE-BOK-09_끈잠금_통역_수첩/04_LEGENDARY_전설/BASE-BOK-09_LEGENDARY.png
4,BOK,고서,10,BASE-BOK-10,일식 관측 필사본,1,COMMON,일반,04_BOK_고서/10_BASE-BOK-10_일식_관측_필사본/01_COMMON_일반/BASE-BOK-10_COMMON.png
4,BOK,고서,10,BASE-BOK-10,일식 관측 필사본,2,RARE,레어,04_BOK_고서/10_BASE-BOK-10_일식_관측_필사본/02_RARE_레어/BASE-BOK-10_RARE.png
4,BOK,고서,10,BASE-BOK-10,일식 관측 필사본,3,EPIC,에픽,04_BOK_고서/10_BASE-BOK-10_일식_관측_필사본/03_EPIC_에픽/BASE-BOK-10_EPIC.png
4,BOK,고서,10,BASE-BOK-10,일식 관측 필사본,4,LEGENDARY,전설,04_BOK_고서/10_BASE-BOK-10_일식_관측_필사본/04_LEGENDARY_전설/BASE-BOK-10_LEGENDARY.png
5,MET,금은세공,1,BASE-MET-01,꽃문양 은제 성냥갑,1,COMMON,일반,05_MET_금은세공/01_BASE-MET-01_꽃문양_은제_성냥갑/01_COMMON_일반/BASE-MET-01_COMMON.png
5,MET,금은세공,1,BASE-MET-01,꽃문양 은제 성냥갑,2,RARE,레어,05_MET_금은세공/01_BASE-MET-01_꽃문양_은제_성냥갑/02_RARE_레어/BASE-MET-01_RARE.png
5,MET,금은세공,1,BASE-MET-01,꽃문양 은제 성냥갑,3,EPIC,에픽,05_MET_금은세공/01_BASE-MET-01_꽃문양_은제_성냥갑/03_EPIC_에픽/BASE-MET-01_EPIC.png
5,MET,금은세공,1,BASE-MET-01,꽃문양 은제 성냥갑,4,LEGENDARY,전설,05_MET_금은세공/01_BASE-MET-01_꽃문양_은제_성냥갑/04_LEGENDARY_전설/BASE-MET-01_LEGENDARY.png
5,MET,금은세공,2,BASE-MET-02,잎문양 소형 촛대,1,COMMON,일반,05_MET_금은세공/02_BASE-MET-02_잎문양_소형_촛대/01_COMMON_일반/BASE-MET-02_COMMON.png
5,MET,금은세공,2,BASE-MET-02,잎문양 소형 촛대,2,RARE,레어,05_MET_금은세공/02_BASE-MET-02_잎문양_소형_촛대/02_RARE_레어/BASE-MET-02_RARE.png
5,MET,금은세공,2,BASE-MET-02,잎문양 소형 촛대,3,EPIC,에픽,05_MET_금은세공/02_BASE-MET-02_잎문양_소형_촛대/03_EPIC_에픽/BASE-MET-02_EPIC.png
5,MET,금은세공,2,BASE-MET-02,잎문양 소형 촛대,4,LEGENDARY,전설,05_MET_금은세공/02_BASE-MET-02_잎문양_소형_촛대/04_LEGENDARY_전설/BASE-MET-02_LEGENDARY.png
5,MET,금은세공,3,BASE-MET-03,밧줄문 계량컵,1,COMMON,일반,05_MET_금은세공/03_BASE-MET-03_밧줄문_계량컵/01_COMMON_일반/BASE-MET-03_COMMON.png
5,MET,금은세공,3,BASE-MET-03,밧줄문 계량컵,2,RARE,레어,05_MET_금은세공/03_BASE-MET-03_밧줄문_계량컵/02_RARE_레어/BASE-MET-03_RARE.png
5,MET,금은세공,3,BASE-MET-03,밧줄문 계량컵,3,EPIC,에픽,05_MET_금은세공/03_BASE-MET-03_밧줄문_계량컵/03_EPIC_에픽/BASE-MET-03_EPIC.png
5,MET,금은세공,3,BASE-MET-03,밧줄문 계량컵,4,LEGENDARY,전설,05_MET_금은세공/03_BASE-MET-03_밧줄문_계량컵/04_LEGENDARY_전설/BASE-MET-03_LEGENDARY.png
5,MET,금은세공,4,BASE-MET-04,파도문 은제 티포트,1,COMMON,일반,05_MET_금은세공/04_BASE-MET-04_파도문_은제_티포트/01_COMMON_일반/BASE-MET-04_COMMON.png
5,MET,금은세공,4,BASE-MET-04,파도문 은제 티포트,2,RARE,레어,05_MET_금은세공/04_BASE-MET-04_파도문_은제_티포트/02_RARE_레어/BASE-MET-04_RARE.png
5,MET,금은세공,4,BASE-MET-04,파도문 은제 티포트,3,EPIC,에픽,05_MET_금은세공/04_BASE-MET-04_파도문_은제_티포트/03_EPIC_에픽/BASE-MET-04_EPIC.png
5,MET,금은세공,4,BASE-MET-04,파도문 은제 티포트,4,LEGENDARY,전설,05_MET_금은세공/04_BASE-MET-04_파도문_은제_티포트/04_LEGENDARY_전설/BASE-MET-04_LEGENDARY.png
5,MET,금은세공,5,BASE-MET-05,산호손잡이 금박 고블릿,1,COMMON,일반,05_MET_금은세공/05_BASE-MET-05_산호손잡이_금박_고블릿/01_COMMON_일반/BASE-MET-05_COMMON.png
5,MET,금은세공,5,BASE-MET-05,산호손잡이 금박 고블릿,2,RARE,레어,05_MET_금은세공/05_BASE-MET-05_산호손잡이_금박_고블릿/02_RARE_레어/BASE-MET-05_RARE.png
5,MET,금은세공,5,BASE-MET-05,산호손잡이 금박 고블릿,3,EPIC,에픽,05_MET_금은세공/05_BASE-MET-05_산호손잡이_금박_고블릿/03_EPIC_에픽/BASE-MET-05_EPIC.png
5,MET,금은세공,5,BASE-MET-05,산호손잡이 금박 고블릿,4,LEGENDARY,전설,05_MET_금은세공/05_BASE-MET-05_산호손잡이_금박_고블릿/04_LEGENDARY_전설/BASE-MET-05_LEGENDARY.png
5,MET,금은세공,6,BASE-MET-06,바다사자 문장 장식,1,COMMON,일반,05_MET_금은세공/06_BASE-MET-06_바다사자_문장_장식/01_COMMON_일반/BASE-MET-06_COMMON.png
5,MET,금은세공,6,BASE-MET-06,바다사자 문장 장식,2,RARE,레어,05_MET_금은세공/06_BASE-MET-06_바다사자_문장_장식/02_RARE_레어/BASE-MET-06_RARE.png
5,MET,금은세공,6,BASE-MET-06,바다사자 문장 장식,3,EPIC,에픽,05_MET_금은세공/06_BASE-MET-06_바다사자_문장_장식/03_EPIC_에픽/BASE-MET-06_EPIC.png
5,MET,금은세공,6,BASE-MET-06,바다사자 문장 장식,4,LEGENDARY,전설,05_MET_금은세공/06_BASE-MET-06_바다사자_문장_장식/04_LEGENDARY_전설/BASE-MET-06_LEGENDARY.png
5,MET,금은세공,7,BASE-MET-07,파문 금제 담뱃갑,1,COMMON,일반,05_MET_금은세공/07_BASE-MET-07_파문_금제_담뱃갑/01_COMMON_일반/BASE-MET-07_COMMON.png
5,MET,금은세공,7,BASE-MET-07,파문 금제 담뱃갑,2,RARE,레어,05_MET_금은세공/07_BASE-MET-07_파문_금제_담뱃갑/02_RARE_레어/BASE-MET-07_RARE.png
5,MET,금은세공,7,BASE-MET-07,파문 금제 담뱃갑,3,EPIC,에픽,05_MET_금은세공/07_BASE-MET-07_파문_금제_담뱃갑/03_EPIC_에픽/BASE-MET-07_EPIC.png
5,MET,금은세공,7,BASE-MET-07,파문 금제 담뱃갑,4,LEGENDARY,전설,05_MET_금은세공/07_BASE-MET-07_파문_금제_담뱃갑/04_LEGENDARY_전설/BASE-MET-07_LEGENDARY.png
5,MET,금은세공,8,BASE-MET-08,올리브문 쌍촛대,1,COMMON,일반,05_MET_금은세공/08_BASE-MET-08_올리브문_쌍촛대/01_COMMON_일반/BASE-MET-08_COMMON.png
5,MET,금은세공,8,BASE-MET-08,올리브문 쌍촛대,2,RARE,레어,05_MET_금은세공/08_BASE-MET-08_올리브문_쌍촛대/02_RARE_레어/BASE-MET-08_RARE.png
5,MET,금은세공,8,BASE-MET-08,올리브문 쌍촛대,3,EPIC,에픽,05_MET_금은세공/08_BASE-MET-08_올리브문_쌍촛대/03_EPIC_에픽/BASE-MET-08_EPIC.png
5,MET,금은세공,8,BASE-MET-08,올리브문 쌍촛대,4,LEGENDARY,전설,05_MET_금은세공/08_BASE-MET-08_올리브문_쌍촛대/04_LEGENDARY_전설/BASE-MET-08_LEGENDARY.png
5,MET,금은세공,9,BASE-MET-09,항로문 금은 상감함,1,COMMON,일반,05_MET_금은세공/09_BASE-MET-09_항로문_금은_상감함/01_COMMON_일반/BASE-MET-09_COMMON.png
5,MET,금은세공,9,BASE-MET-09,항로문 금은 상감함,2,RARE,레어,05_MET_금은세공/09_BASE-MET-09_항로문_금은_상감함/02_RARE_레어/BASE-MET-09_RARE.png
5,MET,금은세공,9,BASE-MET-09,항로문 금은 상감함,3,EPIC,에픽,05_MET_금은세공/09_BASE-MET-09_항로문_금은_상감함/03_EPIC_에픽/BASE-MET-09_EPIC.png
5,MET,금은세공,9,BASE-MET-09,항로문 금은 상감함,4,LEGENDARY,전설,05_MET_금은세공/09_BASE-MET-09_항로문_금은_상감함/04_LEGENDARY_전설/BASE-MET-09_LEGENDARY.png
5,MET,금은세공,10,BASE-MET-10,등대와 선박 센터피스,1,COMMON,일반,05_MET_금은세공/10_BASE-MET-10_등대와_선박_센터피스/01_COMMON_일반/BASE-MET-10_COMMON.png
5,MET,금은세공,10,BASE-MET-10,등대와 선박 센터피스,2,RARE,레어,05_MET_금은세공/10_BASE-MET-10_등대와_선박_센터피스/02_RARE_레어/BASE-MET-10_RARE.png
5,MET,금은세공,10,BASE-MET-10,등대와 선박 센터피스,3,EPIC,에픽,05_MET_금은세공/10_BASE-MET-10_등대와_선박_센터피스/03_EPIC_에픽/BASE-MET-10_EPIC.png
5,MET,금은세공,10,BASE-MET-10,등대와 선박 센터피스,4,LEGENDARY,전설,05_MET_금은세공/10_BASE-MET-10_등대와_선박_센터피스/04_LEGENDARY_전설/BASE-MET-10_LEGENDARY.png
6,JEW,장신구,1,BASE-JEW-01,산호구슬 귀걸이,1,COMMON,일반,06_JEW_장신구/01_BASE-JEW-01_산호구슬_귀걸이/01_COMMON_일반/BASE-JEW-01_COMMON.png
6,JEW,장신구,1,BASE-JEW-01,산호구슬 귀걸이,2,RARE,레어,06_JEW_장신구/01_BASE-JEW-01_산호구슬_귀걸이/02_RARE_레어/BASE-JEW-01_RARE.png
6,JEW,장신구,1,BASE-JEW-01,산호구슬 귀걸이,3,EPIC,에픽,06_JEW_장신구/01_BASE-JEW-01_산호구슬_귀걸이/03_EPIC_에픽/BASE-JEW-01_EPIC.png
6,JEW,장신구,1,BASE-JEW-01,산호구슬 귀걸이,4,LEGENDARY,전설,06_JEW_장신구/01_BASE-JEW-01_산호구슬_귀걸이/04_LEGENDARY_전설/BASE-JEW-01_LEGENDARY.png
6,JEW,장신구,2,BASE-JEW-02,제비문 은 브로치,1,COMMON,일반,06_JEW_장신구/02_BASE-JEW-02_제비문_은_브로치/01_COMMON_일반/BASE-JEW-02_COMMON.png
6,JEW,장신구,2,BASE-JEW-02,제비문 은 브로치,2,RARE,레어,06_JEW_장신구/02_BASE-JEW-02_제비문_은_브로치/02_RARE_레어/BASE-JEW-02_RARE.png
6,JEW,장신구,2,BASE-JEW-02,제비문 은 브로치,3,EPIC,에픽,06_JEW_장신구/02_BASE-JEW-02_제비문_은_브로치/03_EPIC_에픽/BASE-JEW-02_EPIC.png
6,JEW,장신구,2,BASE-JEW-02,제비문 은 브로치,4,LEGENDARY,전설,06_JEW_장신구/02_BASE-JEW-02_제비문_은_브로치/04_LEGENDARY_전설/BASE-JEW-02_LEGENDARY.png
6,JEW,장신구,3,BASE-JEW-03,카메오 펜던트,1,COMMON,일반,06_JEW_장신구/03_BASE-JEW-03_카메오_펜던트/01_COMMON_일반/BASE-JEW-03_COMMON.png
6,JEW,장신구,3,BASE-JEW-03,카메오 펜던트,2,RARE,레어,06_JEW_장신구/03_BASE-JEW-03_카메오_펜던트/02_RARE_레어/BASE-JEW-03_RARE.png
6,JEW,장신구,3,BASE-JEW-03,카메오 펜던트,3,EPIC,에픽,06_JEW_장신구/03_BASE-JEW-03_카메오_펜던트/03_EPIC_에픽/BASE-JEW-03_EPIC.png
6,JEW,장신구,3,BASE-JEW-03,카메오 펜던트,4,LEGENDARY,전설,06_JEW_장신구/03_BASE-JEW-03_카메오_펜던트/04_LEGENDARY_전설/BASE-JEW-03_LEGENDARY.png
6,JEW,장신구,4,BASE-JEW-04,자개 부채 머리빗,1,COMMON,일반,06_JEW_장신구/04_BASE-JEW-04_자개_부채_머리빗/01_COMMON_일반/BASE-JEW-04_COMMON.png
6,JEW,장신구,4,BASE-JEW-04,자개 부채 머리빗,2,RARE,레어,06_JEW_장신구/04_BASE-JEW-04_자개_부채_머리빗/02_RARE_레어/BASE-JEW-04_RARE.png
6,JEW,장신구,4,BASE-JEW-04,자개 부채 머리빗,3,EPIC,에픽,06_JEW_장신구/04_BASE-JEW-04_자개_부채_머리빗/03_EPIC_에픽/BASE-JEW-04_EPIC.png
6,JEW,장신구,4,BASE-JEW-04,자개 부채 머리빗,4,LEGENDARY,전설,06_JEW_장신구/04_BASE-JEW-04_자개_부채_머리빗/04_LEGENDARY_전설/BASE-JEW-04_LEGENDARY.png
6,JEW,장신구,5,BASE-JEW-05,흑진주 리본 목걸이,1,COMMON,일반,06_JEW_장신구/05_BASE-JEW-05_흑진주_리본_목걸이/01_COMMON_일반/BASE-JEW-05_COMMON.png
6,JEW,장신구,5,BASE-JEW-05,흑진주 리본 목걸이,2,RARE,레어,06_JEW_장신구/05_BASE-JEW-05_흑진주_리본_목걸이/02_RARE_레어/BASE-JEW-05_RARE.png
6,JEW,장신구,5,BASE-JEW-05,흑진주 리본 목걸이,3,EPIC,에픽,06_JEW_장신구/05_BASE-JEW-05_흑진주_리본_목걸이/03_EPIC_에픽/BASE-JEW-05_EPIC.png
6,JEW,장신구,5,BASE-JEW-05,흑진주 리본 목걸이,4,LEGENDARY,전설,06_JEW_장신구/05_BASE-JEW-05_흑진주_리본_목걸이/04_LEGENDARY_전설/BASE-JEW-05_LEGENDARY.png
6,JEW,장신구,6,BASE-JEW-06,에메랄드 인탈리오 반지,1,COMMON,일반,06_JEW_장신구/06_BASE-JEW-06_에메랄드_인탈리오_반지/01_COMMON_일반/BASE-JEW-06_COMMON.png
6,JEW,장신구,6,BASE-JEW-06,에메랄드 인탈리오 반지,2,RARE,레어,06_JEW_장신구/06_BASE-JEW-06_에메랄드_인탈리오_반지/02_RARE_레어/BASE-JEW-06_RARE.png
6,JEW,장신구,6,BASE-JEW-06,에메랄드 인탈리오 반지,3,EPIC,에픽,06_JEW_장신구/06_BASE-JEW-06_에메랄드_인탈리오_반지/03_EPIC_에픽/BASE-JEW-06_EPIC.png
6,JEW,장신구,6,BASE-JEW-06,에메랄드 인탈리오 반지,4,LEGENDARY,전설,06_JEW_장신구/06_BASE-JEW-06_에메랄드_인탈리오_반지/04_LEGENDARY_전설/BASE-JEW-06_LEGENDARY.png
6,JEW,장신구,7,BASE-JEW-07,석류석 진주 초커,1,COMMON,일반,06_JEW_장신구/07_BASE-JEW-07_석류석_진주_초커/01_COMMON_일반/BASE-JEW-07_COMMON.png
6,JEW,장신구,7,BASE-JEW-07,석류석 진주 초커,2,RARE,레어,06_JEW_장신구/07_BASE-JEW-07_석류석_진주_초커/02_RARE_레어/BASE-JEW-07_RARE.png
6,JEW,장신구,7,BASE-JEW-07,석류석 진주 초커,3,EPIC,에픽,06_JEW_장신구/07_BASE-JEW-07_석류석_진주_초커/03_EPIC_에픽/BASE-JEW-07_EPIC.png
6,JEW,장신구,7,BASE-JEW-07,석류석 진주 초커,4,LEGENDARY,전설,06_JEW_장신구/07_BASE-JEW-07_석류석_진주_초커/04_LEGENDARY_전설/BASE-JEW-07_LEGENDARY.png
6,JEW,장신구,8,BASE-JEW-08,별자리 사파이어 팔찌,1,COMMON,일반,06_JEW_장신구/08_BASE-JEW-08_별자리_사파이어_팔찌/01_COMMON_일반/BASE-JEW-08_COMMON.png
6,JEW,장신구,8,BASE-JEW-08,별자리 사파이어 팔찌,2,RARE,레어,06_JEW_장신구/08_BASE-JEW-08_별자리_사파이어_팔찌/02_RARE_레어/BASE-JEW-08_RARE.png
6,JEW,장신구,8,BASE-JEW-08,별자리 사파이어 팔찌,3,EPIC,에픽,06_JEW_장신구/08_BASE-JEW-08_별자리_사파이어_팔찌/03_EPIC_에픽/BASE-JEW-08_EPIC.png
6,JEW,장신구,8,BASE-JEW-08,별자리 사파이어 팔찌,4,LEGENDARY,전설,06_JEW_장신구/08_BASE-JEW-08_별자리_사파이어_팔찌/04_LEGENDARY_전설/BASE-JEW-08_LEGENDARY.png
6,JEW,장신구,9,BASE-JEW-09,세 갈래 다이아몬드 티아라,1,COMMON,일반,06_JEW_장신구/09_BASE-JEW-09_세_갈래_다이아몬드_티아라/01_COMMON_일반/BASE-JEW-09_COMMON.png
6,JEW,장신구,9,BASE-JEW-09,세 갈래 다이아몬드 티아라,2,RARE,레어,06_JEW_장신구/09_BASE-JEW-09_세_갈래_다이아몬드_티아라/02_RARE_레어/BASE-JEW-09_RARE.png
6,JEW,장신구,9,BASE-JEW-09,세 갈래 다이아몬드 티아라,3,EPIC,에픽,06_JEW_장신구/09_BASE-JEW-09_세_갈래_다이아몬드_티아라/03_EPIC_에픽/BASE-JEW-09_EPIC.png
6,JEW,장신구,9,BASE-JEW-09,세 갈래 다이아몬드 티아라,4,LEGENDARY,전설,06_JEW_장신구/09_BASE-JEW-09_세_갈래_다이아몬드_티아라/04_LEGENDARY_전설/BASE-JEW-09_LEGENDARY.png
6,JEW,장신구,10,BASE-JEW-10,루비 타이핀·커프스 세트,1,COMMON,일반,06_JEW_장신구/10_BASE-JEW-10_루비_타이핀·커프스_세트/01_COMMON_일반/BASE-JEW-10_COMMON.png
6,JEW,장신구,10,BASE-JEW-10,루비 타이핀·커프스 세트,2,RARE,레어,06_JEW_장신구/10_BASE-JEW-10_루비_타이핀·커프스_세트/02_RARE_레어/BASE-JEW-10_RARE.png
6,JEW,장신구,10,BASE-JEW-10,루비 타이핀·커프스 세트,3,EPIC,에픽,06_JEW_장신구/10_BASE-JEW-10_루비_타이핀·커프스_세트/03_EPIC_에픽/BASE-JEW-10_EPIC.png
6,JEW,장신구,10,BASE-JEW-10,루비 타이핀·커프스 세트,4,LEGENDARY,전설,06_JEW_장신구/10_BASE-JEW-10_루비_타이핀·커프스_세트/04_LEGENDARY_전설/BASE-JEW-10_LEGENDARY.png
